编码,日期,销量,
1001,20150501,,
1001,20150502,,
1001,20150503,,
1001,20150504,,
1001,20150505,,
1001,20150506,,
1001,20150507,,
1001,20150508,,
1001,20150509,,
1001,20150510,,
1001,20150511,,
1001,20150512,,
1001,20150513,,
1001,20150514,,
1001,20150515,,
1001,20150516,,
1001,20150517,,
1001,20150518,,
1001,20150519,,
1001,20150520,,
1001,20150521,,
1001,20150522,,
1001,20150523,,
1001,20150524,,
1001,20150525,,
1001,20150526,,
1001,20150527,,
1001,20150528,,
1001,20150529,,
1001,20150530,,
1002,20150501,,
1002,20150502,,
1002,20150503,,
1002,20150504,,
1002,20150505,,
1002,20150506,,
1002,20150507,,
1002,20150508,,
1002,20150509,,
1002,20150510,,
1002,20150511,,
1002,20150512,,
1002,20150513,,
1002,20150514,,
1002,20150515,,
1002,20150516,,
1002,20150517,,
1002,20150518,,
1002,20150519,,
1002,20150520,,
1002,20150521,,
1002,20150522,,
1002,20150523,,
1002,20150524,,
1002,20150525,,
1002,20150526,,
1002,20150527,,
1002,20150528,,
1002,20150529,,
1002,20150530,,
1004,20150501,,
1004,20150502,,
1004,20150503,,
1004,20150504,,
1004,20150505,,
1004,20150506,,
1004,20150507,,
1004,20150508,,
1004,20150509,,
1004,20150510,,
1004,20150511,,
1004,20150512,,
1004,20150513,,
1004,20150514,,
1004,20150515,,
1004,20150516,,
1004,20150517,,
1004,20150518,,
1004,20150519,,
1004,20150520,,
1004,20150521,,
1004,20150522,,
1004,20150523,,
1004,20150524,,
1004,20150525,,
1004,20150526,,
1004,20150527,,
1004,20150528,,
1004,20150529,,
1004,20150530,,
1005,20150501,,
1005,20150502,,
1005,20150503,,
1005,20150504,,
1005,20150505,,
1005,20150506,,
1005,20150507,,
1005,20150508,,
1005,20150509,,
1005,20150510,,
1005,20150511,,
1005,20150512,,
1005,20150513,,
1005,20150514,,
1005,20150515,,
1005,20150516,,
1005,20150517,,
1005,20150518,,
1005,20150519,,
1005,20150520,,
1005,20150521,,
1005,20150522,,
1005,20150523,,
1005,20150524,,
1005,20150525,,
1005,20150526,,
1005,20150527,,
1005,20150528,,
1005,20150529,,
1005,20150530,,
1099,20150501,,
1099,20150502,,
1099,20150503,,
1099,20150504,,
1099,20150505,,
1099,20150506,,
1099,20150507,,
1099,20150508,,
1099,20150509,,
1099,20150510,,
1099,20150511,,
1099,20150512,,
1099,20150513,,
1099,20150514,,
1099,20150515,,
1099,20150516,,
1099,20150517,,
1099,20150518,,
1099,20150519,,
1099,20150520,,
1099,20150521,,
1099,20150522,,
1099,20150523,,
1099,20150524,,
1099,20150525,,
1099,20150526,,
1099,20150527,,
1099,20150528,,
1099,20150529,,
1099,20150530,,
1101,20150501,,
1101,20150502,,
1101,20150503,,
1101,20150504,,
1101,20150505,,
1101,20150506,,
1101,20150507,,
1101,20150508,,
1101,20150509,,
1101,20150510,,
1101,20150511,,
1101,20150512,,
1101,20150513,,
1101,20150514,,
1101,20150515,,
1101,20150516,,
1101,20150517,,
1101,20150518,,
1101,20150519,,
1101,20150520,,
1101,20150521,,
1101,20150522,,
1101,20150523,,
1101,20150524,,
1101,20150525,,
1101,20150526,,
1101,20150527,,
1101,20150528,,
1101,20150529,,
1101,20150530,,
1102,20150501,,
1102,20150502,,
1102,20150503,,
1102,20150504,,
1102,20150505,,
1102,20150506,,
1102,20150507,,
1102,20150508,,
1102,20150509,,
1102,20150510,,
1102,20150511,,
1102,20150512,,
1102,20150513,,
1102,20150514,,
1102,20150515,,
1102,20150516,,
1102,20150517,,
1102,20150518,,
1102,20150519,,
1102,20150520,,
1102,20150521,,
1102,20150522,,
1102,20150523,,
1102,20150524,,
1102,20150525,,
1102,20150526,,
1102,20150527,,
1102,20150528,,
1102,20150529,,
1102,20150530,,
1103,20150501,,
1103,20150502,,
1103,20150503,,
1103,20150504,,
1103,20150505,,
1103,20150506,,
1103,20150507,,
1103,20150508,,
1103,20150509,,
1103,20150510,,
1103,20150511,,
1103,20150512,,
1103,20150513,,
1103,20150514,,
1103,20150515,,
1103,20150516,,
1103,20150517,,
1103,20150518,,
1103,20150519,,
1103,20150520,,
1103,20150521,,
1103,20150522,,
1103,20150523,,
1103,20150524,,
1103,20150525,,
1103,20150526,,
1103,20150527,,
1103,20150528,,
1103,20150529,,
1103,20150530,,
1201,20150501,,
1201,20150502,,
1201,20150503,,
1201,20150504,,
1201,20150505,,
1201,20150506,,
1201,20150507,,
1201,20150508,,
1201,20150509,,
1201,20150510,,
1201,20150511,,
1201,20150512,,
1201,20150513,,
1201,20150514,,
1201,20150515,,
1201,20150516,,
1201,20150517,,
1201,20150518,,
1201,20150519,,
1201,20150520,,
1201,20150521,,
1201,20150522,,
1201,20150523,,
1201,20150524,,
1201,20150525,,
1201,20150526,,
1201,20150527,,
1201,20150528,,
1201,20150529,,
1201,20150530,,
1202,20150501,,
1202,20150502,,
1202,20150503,,
1202,20150504,,
1202,20150505,,
1202,20150506,,
1202,20150507,,
1202,20150508,,
1202,20150509,,
1202,20150510,,
1202,20150511,,
1202,20150512,,
1202,20150513,,
1202,20150514,,
1202,20150515,,
1202,20150516,,
1202,20150517,,
1202,20150518,,
1202,20150519,,
1202,20150520,,
1202,20150521,,
1202,20150522,,
1202,20150523,,
1202,20150524,,
1202,20150525,,
1202,20150526,,
1202,20150527,,
1202,20150528,,
1202,20150529,,
1202,20150530,,
1203,20150501,,
1203,20150502,,
1203,20150503,,
1203,20150504,,
1203,20150505,,
1203,20150506,,
1203,20150507,,
1203,20150508,,
1203,20150509,,
1203,20150510,,
1203,20150511,,
1203,20150512,,
1203,20150513,,
1203,20150514,,
1203,20150515,,
1203,20150516,,
1203,20150517,,
1203,20150518,,
1203,20150519,,
1203,20150520,,
1203,20150521,,
1203,20150522,,
1203,20150523,,
1203,20150524,,
1203,20150525,,
1203,20150526,,
1203,20150527,,
1203,20150528,,
1203,20150529,,
1203,20150530,,
1205,20150501,,
1205,20150502,,
1205,20150503,,
1205,20150504,,
1205,20150505,,
1205,20150506,,
1205,20150507,,
1205,20150508,,
1205,20150509,,
1205,20150510,,
1205,20150511,,
1205,20150512,,
1205,20150513,,
1205,20150514,,
1205,20150515,,
1205,20150516,,
1205,20150517,,
1205,20150518,,
1205,20150519,,
1205,20150520,,
1205,20150521,,
1205,20150522,,
1205,20150523,,
1205,20150524,,
1205,20150525,,
1205,20150526,,
1205,20150527,,
1205,20150528,,
1205,20150529,,
1205,20150530,,
1301,20150501,,
1301,20150502,,
1301,20150503,,
1301,20150504,,
1301,20150505,,
1301,20150506,,
1301,20150507,,
1301,20150508,,
1301,20150509,,
1301,20150510,,
1301,20150511,,
1301,20150512,,
1301,20150513,,
1301,20150514,,
1301,20150515,,
1301,20150516,,
1301,20150517,,
1301,20150518,,
1301,20150519,,
1301,20150520,,
1301,20150521,,
1301,20150522,,
1301,20150523,,
1301,20150524,,
1301,20150525,,
1301,20150526,,
1301,20150527,,
1301,20150528,,
1301,20150529,,
1301,20150530,,
1302,20150501,,
1302,20150502,,
1302,20150503,,
1302,20150504,,
1302,20150505,,
1302,20150506,,
1302,20150507,,
1302,20150508,,
1302,20150509,,
1302,20150510,,
1302,20150511,,
1302,20150512,,
1302,20150513,,
1302,20150514,,
1302,20150515,,
1302,20150516,,
1302,20150517,,
1302,20150518,,
1302,20150519,,
1302,20150520,,
1302,20150521,,
1302,20150522,,
1302,20150523,,
1302,20150524,,
1302,20150525,,
1302,20150526,,
1302,20150527,,
1302,20150528,,
1302,20150529,,
1302,20150530,,
1306,20150501,,
1306,20150502,,
1306,20150503,,
1306,20150504,,
1306,20150505,,
1306,20150506,,
1306,20150507,,
1306,20150508,,
1306,20150509,,
1306,20150510,,
1306,20150511,,
1306,20150512,,
1306,20150513,,
1306,20150514,,
1306,20150515,,
1306,20150516,,
1306,20150517,,
1306,20150518,,
1306,20150519,,
1306,20150520,,
1306,20150521,,
1306,20150522,,
1306,20150523,,
1306,20150524,,
1306,20150525,,
1306,20150526,,
1306,20150527,,
1306,20150528,,
1306,20150529,,
1306,20150530,,
1308,20150501,,
1308,20150502,,
1308,20150503,,
1308,20150504,,
1308,20150505,,
1308,20150506,,
1308,20150507,,
1308,20150508,,
1308,20150509,,
1308,20150510,,
1308,20150511,,
1308,20150512,,
1308,20150513,,
1308,20150514,,
1308,20150515,,
1308,20150516,,
1308,20150517,,
1308,20150518,,
1308,20150519,,
1308,20150520,,
1308,20150521,,
1308,20150522,,
1308,20150523,,
1308,20150524,,
1308,20150525,,
1308,20150526,,
1308,20150527,,
1308,20150528,,
1308,20150529,,
1308,20150530,,
1501,20150501,,
1501,20150502,,
1501,20150503,,
1501,20150504,,
1501,20150505,,
1501,20150506,,
1501,20150507,,
1501,20150508,,
1501,20150509,,
1501,20150510,,
1501,20150511,,
1501,20150512,,
1501,20150513,,
1501,20150514,,
1501,20150515,,
1501,20150516,,
1501,20150517,,
1501,20150518,,
1501,20150519,,
1501,20150520,,
1501,20150521,,
1501,20150522,,
1501,20150523,,
1501,20150524,,
1501,20150525,,
1501,20150526,,
1501,20150527,,
1501,20150528,,
1501,20150529,,
1501,20150530,,
1502,20150501,,
1502,20150502,,
1502,20150503,,
1502,20150504,,
1502,20150505,,
1502,20150506,,
1502,20150507,,
1502,20150508,,
1502,20150509,,
1502,20150510,,
1502,20150511,,
1502,20150512,,
1502,20150513,,
1502,20150514,,
1502,20150515,,
1502,20150516,,
1502,20150517,,
1502,20150518,,
1502,20150519,,
1502,20150520,,
1502,20150521,,
1502,20150522,,
1502,20150523,,
1502,20150524,,
1502,20150525,,
1502,20150526,,
1502,20150527,,
1502,20150528,,
1502,20150529,,
1502,20150530,,
1503,20150501,,
1503,20150502,,
1503,20150503,,
1503,20150504,,
1503,20150505,,
1503,20150506,,
1503,20150507,,
1503,20150508,,
1503,20150509,,
1503,20150510,,
1503,20150511,,
1503,20150512,,
1503,20150513,,
1503,20150514,,
1503,20150515,,
1503,20150516,,
1503,20150517,,
1503,20150518,,
1503,20150519,,
1503,20150520,,
1503,20150521,,
1503,20150522,,
1503,20150523,,
1503,20150524,,
1503,20150525,,
1503,20150526,,
1503,20150527,,
1503,20150528,,
1503,20150529,,
1503,20150530,,
1504,20150501,,
1504,20150502,,
1504,20150503,,
1504,20150504,,
1504,20150505,,
1504,20150506,,
1504,20150507,,
1504,20150508,,
1504,20150509,,
1504,20150510,,
1504,20150511,,
1504,20150512,,
1504,20150513,,
1504,20150514,,
1504,20150515,,
1504,20150516,,
1504,20150517,,
1504,20150518,,
1504,20150519,,
1504,20150520,,
1504,20150521,,
1504,20150522,,
1504,20150523,,
1504,20150524,,
1504,20150525,,
1504,20150526,,
1504,20150527,,
1504,20150528,,
1504,20150529,,
1504,20150530,,
1505,20150501,,
1505,20150502,,
1505,20150503,,
1505,20150504,,
1505,20150505,,
1505,20150506,,
1505,20150507,,
1505,20150508,,
1505,20150509,,
1505,20150510,,
1505,20150511,,
1505,20150512,,
1505,20150513,,
1505,20150514,,
1505,20150515,,
1505,20150516,,
1505,20150517,,
1505,20150518,,
1505,20150519,,
1505,20150520,,
1505,20150521,,
1505,20150522,,
1505,20150523,,
1505,20150524,,
1505,20150525,,
1505,20150526,,
1505,20150527,,
1505,20150528,,
1505,20150529,,
1505,20150530,,
1507,20150501,,
1507,20150502,,
1507,20150503,,
1507,20150504,,
1507,20150505,,
1507,20150506,,
1507,20150507,,
1507,20150508,,
1507,20150509,,
1507,20150510,,
1507,20150511,,
1507,20150512,,
1507,20150513,,
1507,20150514,,
1507,20150515,,
1507,20150516,,
1507,20150517,,
1507,20150518,,
1507,20150519,,
1507,20150520,,
1507,20150521,,
1507,20150522,,
1507,20150523,,
1507,20150524,,
1507,20150525,,
1507,20150526,,
1507,20150527,,
1507,20150528,,
1507,20150529,,
1507,20150530,,
1508,20150501,,
1508,20150502,,
1508,20150503,,
1508,20150504,,
1508,20150505,,
1508,20150506,,
1508,20150507,,
1508,20150508,,
1508,20150509,,
1508,20150510,,
1508,20150511,,
1508,20150512,,
1508,20150513,,
1508,20150514,,
1508,20150515,,
1508,20150516,,
1508,20150517,,
1508,20150518,,
1508,20150519,,
1508,20150520,,
1508,20150521,,
1508,20150522,,
1508,20150523,,
1508,20150524,,
1508,20150525,,
1508,20150526,,
1508,20150527,,
1508,20150528,,
1508,20150529,,
1508,20150530,,
1510,20150501,,
1510,20150502,,
1510,20150503,,
1510,20150504,,
1510,20150505,,
1510,20150506,,
1510,20150507,,
1510,20150508,,
1510,20150509,,
1510,20150510,,
1510,20150511,,
1510,20150512,,
1510,20150513,,
1510,20150514,,
1510,20150515,,
1510,20150516,,
1510,20150517,,
1510,20150518,,
1510,20150519,,
1510,20150520,,
1510,20150521,,
1510,20150522,,
1510,20150523,,
1510,20150524,,
1510,20150525,,
1510,20150526,,
1510,20150527,,
1510,20150528,,
1510,20150529,,
1510,20150530,,
1511,20150501,,
1511,20150502,,
1511,20150503,,
1511,20150504,,
1511,20150505,,
1511,20150506,,
1511,20150507,,
1511,20150508,,
1511,20150509,,
1511,20150510,,
1511,20150511,,
1511,20150512,,
1511,20150513,,
1511,20150514,,
1511,20150515,,
1511,20150516,,
1511,20150517,,
1511,20150518,,
1511,20150519,,
1511,20150520,,
1511,20150521,,
1511,20150522,,
1511,20150523,,
1511,20150524,,
1511,20150525,,
1511,20150526,,
1511,20150527,,
1511,20150528,,
1511,20150529,,
1511,20150530,,
1512,20150501,,
1512,20150502,,
1512,20150503,,
1512,20150504,,
1512,20150505,,
1512,20150506,,
1512,20150507,,
1512,20150508,,
1512,20150509,,
1512,20150510,,
1512,20150511,,
1512,20150512,,
1512,20150513,,
1512,20150514,,
1512,20150515,,
1512,20150516,,
1512,20150517,,
1512,20150518,,
1512,20150519,,
1512,20150520,,
1512,20150521,,
1512,20150522,,
1512,20150523,,
1512,20150524,,
1512,20150525,,
1512,20150526,,
1512,20150527,,
1512,20150528,,
1512,20150529,,
1512,20150530,,
1513,20150501,,
1513,20150502,,
1513,20150503,,
1513,20150504,,
1513,20150505,,
1513,20150506,,
1513,20150507,,
1513,20150508,,
1513,20150509,,
1513,20150510,,
1513,20150511,,
1513,20150512,,
1513,20150513,,
1513,20150514,,
1513,20150515,,
1513,20150516,,
1513,20150517,,
1513,20150518,,
1513,20150519,,
1513,20150520,,
1513,20150521,,
1513,20150522,,
1513,20150523,,
1513,20150524,,
1513,20150525,,
1513,20150526,,
1513,20150527,,
1513,20150528,,
1513,20150529,,
1513,20150530,,
1515,20150501,,
1515,20150502,,
1515,20150503,,
1515,20150504,,
1515,20150505,,
1515,20150506,,
1515,20150507,,
1515,20150508,,
1515,20150509,,
1515,20150510,,
1515,20150511,,
1515,20150512,,
1515,20150513,,
1515,20150514,,
1515,20150515,,
1515,20150516,,
1515,20150517,,
1515,20150518,,
1515,20150519,,
1515,20150520,,
1515,20150521,,
1515,20150522,,
1515,20150523,,
1515,20150524,,
1515,20150525,,
1515,20150526,,
1515,20150527,,
1515,20150528,,
1515,20150529,,
1515,20150530,,
1516,20150501,,
1516,20150502,,
1516,20150503,,
1516,20150504,,
1516,20150505,,
1516,20150506,,
1516,20150507,,
1516,20150508,,
1516,20150509,,
1516,20150510,,
1516,20150511,,
1516,20150512,,
1516,20150513,,
1516,20150514,,
1516,20150515,,
1516,20150516,,
1516,20150517,,
1516,20150518,,
1516,20150519,,
1516,20150520,,
1516,20150521,,
1516,20150522,,
1516,20150523,,
1516,20150524,,
1516,20150525,,
1516,20150526,,
1516,20150527,,
1516,20150528,,
1516,20150529,,
1516,20150530,,
1517,20150501,,
1517,20150502,,
1517,20150503,,
1517,20150504,,
1517,20150505,,
1517,20150506,,
1517,20150507,,
1517,20150508,,
1517,20150509,,
1517,20150510,,
1517,20150511,,
1517,20150512,,
1517,20150513,,
1517,20150514,,
1517,20150515,,
1517,20150516,,
1517,20150517,,
1517,20150518,,
1517,20150519,,
1517,20150520,,
1517,20150521,,
1517,20150522,,
1517,20150523,,
1517,20150524,,
1517,20150525,,
1517,20150526,,
1517,20150527,,
1517,20150528,,
1517,20150529,,
1517,20150530,,
1518,20150501,,
1518,20150502,,
1518,20150503,,
1518,20150504,,
1518,20150505,,
1518,20150506,,
1518,20150507,,
1518,20150508,,
1518,20150509,,
1518,20150510,,
1518,20150511,,
1518,20150512,,
1518,20150513,,
1518,20150514,,
1518,20150515,,
1518,20150516,,
1518,20150517,,
1518,20150518,,
1518,20150519,,
1518,20150520,,
1518,20150521,,
1518,20150522,,
1518,20150523,,
1518,20150524,,
1518,20150525,,
1518,20150526,,
1518,20150527,,
1518,20150528,,
1518,20150529,,
1518,20150530,,
1519,20150501,,
1519,20150502,,
1519,20150503,,
1519,20150504,,
1519,20150505,,
1519,20150506,,
1519,20150507,,
1519,20150508,,
1519,20150509,,
1519,20150510,,
1519,20150511,,
1519,20150512,,
1519,20150513,,
1519,20150514,,
1519,20150515,,
1519,20150516,,
1519,20150517,,
1519,20150518,,
1519,20150519,,
1519,20150520,,
1519,20150521,,
1519,20150522,,
1519,20150523,,
1519,20150524,,
1519,20150525,,
1519,20150526,,
1519,20150527,,
1519,20150528,,
1519,20150529,,
1519,20150530,,
1521,20150501,,
1521,20150502,,
1521,20150503,,
1521,20150504,,
1521,20150505,,
1521,20150506,,
1521,20150507,,
1521,20150508,,
1521,20150509,,
1521,20150510,,
1521,20150511,,
1521,20150512,,
1521,20150513,,
1521,20150514,,
1521,20150515,,
1521,20150516,,
1521,20150517,,
1521,20150518,,
1521,20150519,,
1521,20150520,,
1521,20150521,,
1521,20150522,,
1521,20150523,,
1521,20150524,,
1521,20150525,,
1521,20150526,,
1521,20150527,,
1521,20150528,,
1521,20150529,,
1521,20150530,,
2001,20150501,,
2001,20150502,,
2001,20150503,,
2001,20150504,,
2001,20150505,,
2001,20150506,,
2001,20150507,,
2001,20150508,,
2001,20150509,,
2001,20150510,,
2001,20150511,,
2001,20150512,,
2001,20150513,,
2001,20150514,,
2001,20150515,,
2001,20150516,,
2001,20150517,,
2001,20150518,,
2001,20150519,,
2001,20150520,,
2001,20150521,,
2001,20150522,,
2001,20150523,,
2001,20150524,,
2001,20150525,,
2001,20150526,,
2001,20150527,,
2001,20150528,,
2001,20150529,,
2001,20150530,,
2002,20150501,,
2002,20150502,,
2002,20150503,,
2002,20150504,,
2002,20150505,,
2002,20150506,,
2002,20150507,,
2002,20150508,,
2002,20150509,,
2002,20150510,,
2002,20150511,,
2002,20150512,,
2002,20150513,,
2002,20150514,,
2002,20150515,,
2002,20150516,,
2002,20150517,,
2002,20150518,,
2002,20150519,,
2002,20150520,,
2002,20150521,,
2002,20150522,,
2002,20150523,,
2002,20150524,,
2002,20150525,,
2002,20150526,,
2002,20150527,,
2002,20150528,,
2002,20150529,,
2002,20150530,,
2003,20150501,,
2003,20150502,,
2003,20150503,,
2003,20150504,,
2003,20150505,,
2003,20150506,,
2003,20150507,,
2003,20150508,,
2003,20150509,,
2003,20150510,,
2003,20150511,,
2003,20150512,,
2003,20150513,,
2003,20150514,,
2003,20150515,,
2003,20150516,,
2003,20150517,,
2003,20150518,,
2003,20150519,,
2003,20150520,,
2003,20150521,,
2003,20150522,,
2003,20150523,,
2003,20150524,,
2003,20150525,,
2003,20150526,,
2003,20150527,,
2003,20150528,,
2003,20150529,,
2003,20150530,,
2004,20150501,,
2004,20150502,,
2004,20150503,,
2004,20150504,,
2004,20150505,,
2004,20150506,,
2004,20150507,,
2004,20150508,,
2004,20150509,,
2004,20150510,,
2004,20150511,,
2004,20150512,,
2004,20150513,,
2004,20150514,,
2004,20150515,,
2004,20150516,,
2004,20150517,,
2004,20150518,,
2004,20150519,,
2004,20150520,,
2004,20150521,,
2004,20150522,,
2004,20150523,,
2004,20150524,,
2004,20150525,,
2004,20150526,,
2004,20150527,,
2004,20150528,,
2004,20150529,,
2004,20150530,,
2005,20150501,,
2005,20150502,,
2005,20150503,,
2005,20150504,,
2005,20150505,,
2005,20150506,,
2005,20150507,,
2005,20150508,,
2005,20150509,,
2005,20150510,,
2005,20150511,,
2005,20150512,,
2005,20150513,,
2005,20150514,,
2005,20150515,,
2005,20150516,,
2005,20150517,,
2005,20150518,,
2005,20150519,,
2005,20150520,,
2005,20150521,,
2005,20150522,,
2005,20150523,,
2005,20150524,,
2005,20150525,,
2005,20150526,,
2005,20150527,,
2005,20150528,,
2005,20150529,,
2005,20150530,,
2006,20150501,,
2006,20150502,,
2006,20150503,,
2006,20150504,,
2006,20150505,,
2006,20150506,,
2006,20150507,,
2006,20150508,,
2006,20150509,,
2006,20150510,,
2006,20150511,,
2006,20150512,,
2006,20150513,,
2006,20150514,,
2006,20150515,,
2006,20150516,,
2006,20150517,,
2006,20150518,,
2006,20150519,,
2006,20150520,,
2006,20150521,,
2006,20150522,,
2006,20150523,,
2006,20150524,,
2006,20150525,,
2006,20150526,,
2006,20150527,,
2006,20150528,,
2006,20150529,,
2006,20150530,,
2007,20150501,,
2007,20150502,,
2007,20150503,,
2007,20150504,,
2007,20150505,,
2007,20150506,,
2007,20150507,,
2007,20150508,,
2007,20150509,,
2007,20150510,,
2007,20150511,,
2007,20150512,,
2007,20150513,,
2007,20150514,,
2007,20150515,,
2007,20150516,,
2007,20150517,,
2007,20150518,,
2007,20150519,,
2007,20150520,,
2007,20150521,,
2007,20150522,,
2007,20150523,,
2007,20150524,,
2007,20150525,,
2007,20150526,,
2007,20150527,,
2007,20150528,,
2007,20150529,,
2007,20150530,,
2008,20150501,,
2008,20150502,,
2008,20150503,,
2008,20150504,,
2008,20150505,,
2008,20150506,,
2008,20150507,,
2008,20150508,,
2008,20150509,,
2008,20150510,,
2008,20150511,,
2008,20150512,,
2008,20150513,,
2008,20150514,,
2008,20150515,,
2008,20150516,,
2008,20150517,,
2008,20150518,,
2008,20150519,,
2008,20150520,,
2008,20150521,,
2008,20150522,,
2008,20150523,,
2008,20150524,,
2008,20150525,,
2008,20150526,,
2008,20150527,,
2008,20150528,,
2008,20150529,,
2008,20150530,,
2009,20150501,,
2009,20150502,,
2009,20150503,,
2009,20150504,,
2009,20150505,,
2009,20150506,,
2009,20150507,,
2009,20150508,,
2009,20150509,,
2009,20150510,,
2009,20150511,,
2009,20150512,,
2009,20150513,,
2009,20150514,,
2009,20150515,,
2009,20150516,,
2009,20150517,,
2009,20150518,,
2009,20150519,,
2009,20150520,,
2009,20150521,,
2009,20150522,,
2009,20150523,,
2009,20150524,,
2009,20150525,,
2009,20150526,,
2009,20150527,,
2009,20150528,,
2009,20150529,,
2009,20150530,,
2010,20150501,,
2010,20150502,,
2010,20150503,,
2010,20150504,,
2010,20150505,,
2010,20150506,,
2010,20150507,,
2010,20150508,,
2010,20150509,,
2010,20150510,,
2010,20150511,,
2010,20150512,,
2010,20150513,,
2010,20150514,,
2010,20150515,,
2010,20150516,,
2010,20150517,,
2010,20150518,,
2010,20150519,,
2010,20150520,,
2010,20150521,,
2010,20150522,,
2010,20150523,,
2010,20150524,,
2010,20150525,,
2010,20150526,,
2010,20150527,,
2010,20150528,,
2010,20150529,,
2010,20150530,,
2011,20150501,,
2011,20150502,,
2011,20150503,,
2011,20150504,,
2011,20150505,,
2011,20150506,,
2011,20150507,,
2011,20150508,,
2011,20150509,,
2011,20150510,,
2011,20150511,,
2011,20150512,,
2011,20150513,,
2011,20150514,,
2011,20150515,,
2011,20150516,,
2011,20150517,,
2011,20150518,,
2011,20150519,,
2011,20150520,,
2011,20150521,,
2011,20150522,,
2011,20150523,,
2011,20150524,,
2011,20150525,,
2011,20150526,,
2011,20150527,,
2011,20150528,,
2011,20150529,,
2011,20150530,,
2012,20150501,,
2012,20150502,,
2012,20150503,,
2012,20150504,,
2012,20150505,,
2012,20150506,,
2012,20150507,,
2012,20150508,,
2012,20150509,,
2012,20150510,,
2012,20150511,,
2012,20150512,,
2012,20150513,,
2012,20150514,,
2012,20150515,,
2012,20150516,,
2012,20150517,,
2012,20150518,,
2012,20150519,,
2012,20150520,,
2012,20150521,,
2012,20150522,,
2012,20150523,,
2012,20150524,,
2012,20150525,,
2012,20150526,,
2012,20150527,,
2012,20150528,,
2012,20150529,,
2012,20150530,,
2013,20150501,,
2013,20150502,,
2013,20150503,,
2013,20150504,,
2013,20150505,,
2013,20150506,,
2013,20150507,,
2013,20150508,,
2013,20150509,,
2013,20150510,,
2013,20150511,,
2013,20150512,,
2013,20150513,,
2013,20150514,,
2013,20150515,,
2013,20150516,,
2013,20150517,,
2013,20150518,,
2013,20150519,,
2013,20150520,,
2013,20150521,,
2013,20150522,,
2013,20150523,,
2013,20150524,,
2013,20150525,,
2013,20150526,,
2013,20150527,,
2013,20150528,,
2013,20150529,,
2013,20150530,,
2014,20150501,,
2014,20150502,,
2014,20150503,,
2014,20150504,,
2014,20150505,,
2014,20150506,,
2014,20150507,,
2014,20150508,,
2014,20150509,,
2014,20150510,,
2014,20150511,,
2014,20150512,,
2014,20150513,,
2014,20150514,,
2014,20150515,,
2014,20150516,,
2014,20150517,,
2014,20150518,,
2014,20150519,,
2014,20150520,,
2014,20150521,,
2014,20150522,,
2014,20150523,,
2014,20150524,,
2014,20150525,,
2014,20150526,,
2014,20150527,,
2014,20150528,,
2014,20150529,,
2014,20150530,,
2015,20150501,,
2015,20150502,,
2015,20150503,,
2015,20150504,,
2015,20150505,,
2015,20150506,,
2015,20150507,,
2015,20150508,,
2015,20150509,,
2015,20150510,,
2015,20150511,,
2015,20150512,,
2015,20150513,,
2015,20150514,,
2015,20150515,,
2015,20150516,,
2015,20150517,,
2015,20150518,,
2015,20150519,,
2015,20150520,,
2015,20150521,,
2015,20150522,,
2015,20150523,,
2015,20150524,,
2015,20150525,,
2015,20150526,,
2015,20150527,,
2015,20150528,,
2015,20150529,,
2015,20150530,,
2101,20150501,,
2101,20150502,,
2101,20150503,,
2101,20150504,,
2101,20150505,,
2101,20150506,,
2101,20150507,,
2101,20150508,,
2101,20150509,,
2101,20150510,,
2101,20150511,,
2101,20150512,,
2101,20150513,,
2101,20150514,,
2101,20150515,,
2101,20150516,,
2101,20150517,,
2101,20150518,,
2101,20150519,,
2101,20150520,,
2101,20150521,,
2101,20150522,,
2101,20150523,,
2101,20150524,,
2101,20150525,,
2101,20150526,,
2101,20150527,,
2101,20150528,,
2101,20150529,,
2101,20150530,,
2102,20150501,,
2102,20150502,,
2102,20150503,,
2102,20150504,,
2102,20150505,,
2102,20150506,,
2102,20150507,,
2102,20150508,,
2102,20150509,,
2102,20150510,,
2102,20150511,,
2102,20150512,,
2102,20150513,,
2102,20150514,,
2102,20150515,,
2102,20150516,,
2102,20150517,,
2102,20150518,,
2102,20150519,,
2102,20150520,,
2102,20150521,,
2102,20150522,,
2102,20150523,,
2102,20150524,,
2102,20150525,,
2102,20150526,,
2102,20150527,,
2102,20150528,,
2102,20150529,,
2102,20150530,,
2103,20150501,,
2103,20150502,,
2103,20150503,,
2103,20150504,,
2103,20150505,,
2103,20150506,,
2103,20150507,,
2103,20150508,,
2103,20150509,,
2103,20150510,,
2103,20150511,,
2103,20150512,,
2103,20150513,,
2103,20150514,,
2103,20150515,,
2103,20150516,,
2103,20150517,,
2103,20150518,,
2103,20150519,,
2103,20150520,,
2103,20150521,,
2103,20150522,,
2103,20150523,,
2103,20150524,,
2103,20150525,,
2103,20150526,,
2103,20150527,,
2103,20150528,,
2103,20150529,,
2103,20150530,,
2104,20150501,,
2104,20150502,,
2104,20150503,,
2104,20150504,,
2104,20150505,,
2104,20150506,,
2104,20150507,,
2104,20150508,,
2104,20150509,,
2104,20150510,,
2104,20150511,,
2104,20150512,,
2104,20150513,,
2104,20150514,,
2104,20150515,,
2104,20150516,,
2104,20150517,,
2104,20150518,,
2104,20150519,,
2104,20150520,,
2104,20150521,,
2104,20150522,,
2104,20150523,,
2104,20150524,,
2104,20150525,,
2104,20150526,,
2104,20150527,,
2104,20150528,,
2104,20150529,,
2104,20150530,,
2105,20150501,,
2105,20150502,,
2105,20150503,,
2105,20150504,,
2105,20150505,,
2105,20150506,,
2105,20150507,,
2105,20150508,,
2105,20150509,,
2105,20150510,,
2105,20150511,,
2105,20150512,,
2105,20150513,,
2105,20150514,,
2105,20150515,,
2105,20150516,,
2105,20150517,,
2105,20150518,,
2105,20150519,,
2105,20150520,,
2105,20150521,,
2105,20150522,,
2105,20150523,,
2105,20150524,,
2105,20150525,,
2105,20150526,,
2105,20150527,,
2105,20150528,,
2105,20150529,,
2105,20150530,,
2106,20150501,,
2106,20150502,,
2106,20150503,,
2106,20150504,,
2106,20150505,,
2106,20150506,,
2106,20150507,,
2106,20150508,,
2106,20150509,,
2106,20150510,,
2106,20150511,,
2106,20150512,,
2106,20150513,,
2106,20150514,,
2106,20150515,,
2106,20150516,,
2106,20150517,,
2106,20150518,,
2106,20150519,,
2106,20150520,,
2106,20150521,,
2106,20150522,,
2106,20150523,,
2106,20150524,,
2106,20150525,,
2106,20150526,,
2106,20150527,,
2106,20150528,,
2106,20150529,,
2106,20150530,,
2107,20150501,,
2107,20150502,,
2107,20150503,,
2107,20150504,,
2107,20150505,,
2107,20150506,,
2107,20150507,,
2107,20150508,,
2107,20150509,,
2107,20150510,,
2107,20150511,,
2107,20150512,,
2107,20150513,,
2107,20150514,,
2107,20150515,,
2107,20150516,,
2107,20150517,,
2107,20150518,,
2107,20150519,,
2107,20150520,,
2107,20150521,,
2107,20150522,,
2107,20150523,,
2107,20150524,,
2107,20150525,,
2107,20150526,,
2107,20150527,,
2107,20150528,,
2107,20150529,,
2107,20150530,,
2201,20150501,,
2201,20150502,,
2201,20150503,,
2201,20150504,,
2201,20150505,,
2201,20150506,,
2201,20150507,,
2201,20150508,,
2201,20150509,,
2201,20150510,,
2201,20150511,,
2201,20150512,,
2201,20150513,,
2201,20150514,,
2201,20150515,,
2201,20150516,,
2201,20150517,,
2201,20150518,,
2201,20150519,,
2201,20150520,,
2201,20150521,,
2201,20150522,,
2201,20150523,,
2201,20150524,,
2201,20150525,,
2201,20150526,,
2201,20150527,,
2201,20150528,,
2201,20150529,,
2201,20150530,,
2202,20150501,,
2202,20150502,,
2202,20150503,,
2202,20150504,,
2202,20150505,,
2202,20150506,,
2202,20150507,,
2202,20150508,,
2202,20150509,,
2202,20150510,,
2202,20150511,,
2202,20150512,,
2202,20150513,,
2202,20150514,,
2202,20150515,,
2202,20150516,,
2202,20150517,,
2202,20150518,,
2202,20150519,,
2202,20150520,,
2202,20150521,,
2202,20150522,,
2202,20150523,,
2202,20150524,,
2202,20150525,,
2202,20150526,,
2202,20150527,,
2202,20150528,,
2202,20150529,,
2202,20150530,,
2203,20150501,,
2203,20150502,,
2203,20150503,,
2203,20150504,,
2203,20150505,,
2203,20150506,,
2203,20150507,,
2203,20150508,,
2203,20150509,,
2203,20150510,,
2203,20150511,,
2203,20150512,,
2203,20150513,,
2203,20150514,,
2203,20150515,,
2203,20150516,,
2203,20150517,,
2203,20150518,,
2203,20150519,,
2203,20150520,,
2203,20150521,,
2203,20150522,,
2203,20150523,,
2203,20150524,,
2203,20150525,,
2203,20150526,,
2203,20150527,,
2203,20150528,,
2203,20150529,,
2203,20150530,,
2204,20150501,,
2204,20150502,,
2204,20150503,,
2204,20150504,,
2204,20150505,,
2204,20150506,,
2204,20150507,,
2204,20150508,,
2204,20150509,,
2204,20150510,,
2204,20150511,,
2204,20150512,,
2204,20150513,,
2204,20150514,,
2204,20150515,,
2204,20150516,,
2204,20150517,,
2204,20150518,,
2204,20150519,,
2204,20150520,,
2204,20150521,,
2204,20150522,,
2204,20150523,,
2204,20150524,,
2204,20150525,,
2204,20150526,,
2204,20150527,,
2204,20150528,,
2204,20150529,,
2204,20150530,,
2205,20150501,,
2205,20150502,,
2205,20150503,,
2205,20150504,,
2205,20150505,,
2205,20150506,,
2205,20150507,,
2205,20150508,,
2205,20150509,,
2205,20150510,,
2205,20150511,,
2205,20150512,,
2205,20150513,,
2205,20150514,,
2205,20150515,,
2205,20150516,,
2205,20150517,,
2205,20150518,,
2205,20150519,,
2205,20150520,,
2205,20150521,,
2205,20150522,,
2205,20150523,,
2205,20150524,,
2205,20150525,,
2205,20150526,,
2205,20150527,,
2205,20150528,,
2205,20150529,,
2205,20150530,,
2206,20150501,,
2206,20150502,,
2206,20150503,,
2206,20150504,,
2206,20150505,,
2206,20150506,,
2206,20150507,,
2206,20150508,,
2206,20150509,,
2206,20150510,,
2206,20150511,,
2206,20150512,,
2206,20150513,,
2206,20150514,,
2206,20150515,,
2206,20150516,,
2206,20150517,,
2206,20150518,,
2206,20150519,,
2206,20150520,,
2206,20150521,,
2206,20150522,,
2206,20150523,,
2206,20150524,,
2206,20150525,,
2206,20150526,,
2206,20150527,,
2206,20150528,,
2206,20150529,,
2206,20150530,,
2207,20150501,,
2207,20150502,,
2207,20150503,,
2207,20150504,,
2207,20150505,,
2207,20150506,,
2207,20150507,,
2207,20150508,,
2207,20150509,,
2207,20150510,,
2207,20150511,,
2207,20150512,,
2207,20150513,,
2207,20150514,,
2207,20150515,,
2207,20150516,,
2207,20150517,,
2207,20150518,,
2207,20150519,,
2207,20150520,,
2207,20150521,,
2207,20150522,,
2207,20150523,,
2207,20150524,,
2207,20150525,,
2207,20150526,,
2207,20150527,,
2207,20150528,,
2207,20150529,,
2207,20150530,,
2208,20150501,,
2208,20150502,,
2208,20150503,,
2208,20150504,,
2208,20150505,,
2208,20150506,,
2208,20150507,,
2208,20150508,,
2208,20150509,,
2208,20150510,,
2208,20150511,,
2208,20150512,,
2208,20150513,,
2208,20150514,,
2208,20150515,,
2208,20150516,,
2208,20150517,,
2208,20150518,,
2208,20150519,,
2208,20150520,,
2208,20150521,,
2208,20150522,,
2208,20150523,,
2208,20150524,,
2208,20150525,,
2208,20150526,,
2208,20150527,,
2208,20150528,,
2208,20150529,,
2208,20150530,,
2209,20150501,,
2209,20150502,,
2209,20150503,,
2209,20150504,,
2209,20150505,,
2209,20150506,,
2209,20150507,,
2209,20150508,,
2209,20150509,,
2209,20150510,,
2209,20150511,,
2209,20150512,,
2209,20150513,,
2209,20150514,,
2209,20150515,,
2209,20150516,,
2209,20150517,,
2209,20150518,,
2209,20150519,,
2209,20150520,,
2209,20150521,,
2209,20150522,,
2209,20150523,,
2209,20150524,,
2209,20150525,,
2209,20150526,,
2209,20150527,,
2209,20150528,,
2209,20150529,,
2209,20150530,,
2210,20150501,,
2210,20150502,,
2210,20150503,,
2210,20150504,,
2210,20150505,,
2210,20150506,,
2210,20150507,,
2210,20150508,,
2210,20150509,,
2210,20150510,,
2210,20150511,,
2210,20150512,,
2210,20150513,,
2210,20150514,,
2210,20150515,,
2210,20150516,,
2210,20150517,,
2210,20150518,,
2210,20150519,,
2210,20150520,,
2210,20150521,,
2210,20150522,,
2210,20150523,,
2210,20150524,,
2210,20150525,,
2210,20150526,,
2210,20150527,,
2210,20150528,,
2210,20150529,,
2210,20150530,,
2211,20150501,,
2211,20150502,,
2211,20150503,,
2211,20150504,,
2211,20150505,,
2211,20150506,,
2211,20150507,,
2211,20150508,,
2211,20150509,,
2211,20150510,,
2211,20150511,,
2211,20150512,,
2211,20150513,,
2211,20150514,,
2211,20150515,,
2211,20150516,,
2211,20150517,,
2211,20150518,,
2211,20150519,,
2211,20150520,,
2211,20150521,,
2211,20150522,,
2211,20150523,,
2211,20150524,,
2211,20150525,,
2211,20150526,,
2211,20150527,,
2211,20150528,,
2211,20150529,,
2211,20150530,,
2212,20150501,,
2212,20150502,,
2212,20150503,,
2212,20150504,,
2212,20150505,,
2212,20150506,,
2212,20150507,,
2212,20150508,,
2212,20150509,,
2212,20150510,,
2212,20150511,,
2212,20150512,,
2212,20150513,,
2212,20150514,,
2212,20150515,,
2212,20150516,,
2212,20150517,,
2212,20150518,,
2212,20150519,,
2212,20150520,,
2212,20150521,,
2212,20150522,,
2212,20150523,,
2212,20150524,,
2212,20150525,,
2212,20150526,,
2212,20150527,,
2212,20150528,,
2212,20150529,,
2212,20150530,,
2301,20150501,,
2301,20150502,,
2301,20150503,,
2301,20150504,,
2301,20150505,,
2301,20150506,,
2301,20150507,,
2301,20150508,,
2301,20150509,,
2301,20150510,,
2301,20150511,,
2301,20150512,,
2301,20150513,,
2301,20150514,,
2301,20150515,,
2301,20150516,,
2301,20150517,,
2301,20150518,,
2301,20150519,,
2301,20150520,,
2301,20150521,,
2301,20150522,,
2301,20150523,,
2301,20150524,,
2301,20150525,,
2301,20150526,,
2301,20150527,,
2301,20150528,,
2301,20150529,,
2301,20150530,,
2302,20150501,,
2302,20150502,,
2302,20150503,,
2302,20150504,,
2302,20150505,,
2302,20150506,,
2302,20150507,,
2302,20150508,,
2302,20150509,,
2302,20150510,,
2302,20150511,,
2302,20150512,,
2302,20150513,,
2302,20150514,,
2302,20150515,,
2302,20150516,,
2302,20150517,,
2302,20150518,,
2302,20150519,,
2302,20150520,,
2302,20150521,,
2302,20150522,,
2302,20150523,,
2302,20150524,,
2302,20150525,,
2302,20150526,,
2302,20150527,,
2302,20150528,,
2302,20150529,,
2302,20150530,,
2303,20150501,,
2303,20150502,,
2303,20150503,,
2303,20150504,,
2303,20150505,,
2303,20150506,,
2303,20150507,,
2303,20150508,,
2303,20150509,,
2303,20150510,,
2303,20150511,,
2303,20150512,,
2303,20150513,,
2303,20150514,,
2303,20150515,,
2303,20150516,,
2303,20150517,,
2303,20150518,,
2303,20150519,,
2303,20150520,,
2303,20150521,,
2303,20150522,,
2303,20150523,,
2303,20150524,,
2303,20150525,,
2303,20150526,,
2303,20150527,,
2303,20150528,,
2303,20150529,,
2303,20150530,,
2304,20150501,,
2304,20150502,,
2304,20150503,,
2304,20150504,,
2304,20150505,,
2304,20150506,,
2304,20150507,,
2304,20150508,,
2304,20150509,,
2304,20150510,,
2304,20150511,,
2304,20150512,,
2304,20150513,,
2304,20150514,,
2304,20150515,,
2304,20150516,,
2304,20150517,,
2304,20150518,,
2304,20150519,,
2304,20150520,,
2304,20150521,,
2304,20150522,,
2304,20150523,,
2304,20150524,,
2304,20150525,,
2304,20150526,,
2304,20150527,,
2304,20150528,,
2304,20150529,,
2304,20150530,,
2305,20150501,,
2305,20150502,,
2305,20150503,,
2305,20150504,,
2305,20150505,,
2305,20150506,,
2305,20150507,,
2305,20150508,,
2305,20150509,,
2305,20150510,,
2305,20150511,,
2305,20150512,,
2305,20150513,,
2305,20150514,,
2305,20150515,,
2305,20150516,,
2305,20150517,,
2305,20150518,,
2305,20150519,,
2305,20150520,,
2305,20150521,,
2305,20150522,,
2305,20150523,,
2305,20150524,,
2305,20150525,,
2305,20150526,,
2305,20150527,,
2305,20150528,,
2305,20150529,,
2305,20150530,,
2306,20150501,,
2306,20150502,,
2306,20150503,,
2306,20150504,,
2306,20150505,,
2306,20150506,,
2306,20150507,,
2306,20150508,,
2306,20150509,,
2306,20150510,,
2306,20150511,,
2306,20150512,,
2306,20150513,,
2306,20150514,,
2306,20150515,,
2306,20150516,,
2306,20150517,,
2306,20150518,,
2306,20150519,,
2306,20150520,,
2306,20150521,,
2306,20150522,,
2306,20150523,,
2306,20150524,,
2306,20150525,,
2306,20150526,,
2306,20150527,,
2306,20150528,,
2306,20150529,,
2306,20150530,,
2307,20150501,,
2307,20150502,,
2307,20150503,,
2307,20150504,,
2307,20150505,,
2307,20150506,,
2307,20150507,,
2307,20150508,,
2307,20150509,,
2307,20150510,,
2307,20150511,,
2307,20150512,,
2307,20150513,,
2307,20150514,,
2307,20150515,,
2307,20150516,,
2307,20150517,,
2307,20150518,,
2307,20150519,,
2307,20150520,,
2307,20150521,,
2307,20150522,,
2307,20150523,,
2307,20150524,,
2307,20150525,,
2307,20150526,,
2307,20150527,,
2307,20150528,,
2307,20150529,,
2307,20150530,,
2309,20150501,,
2309,20150502,,
2309,20150503,,
2309,20150504,,
2309,20150505,,
2309,20150506,,
2309,20150507,,
2309,20150508,,
2309,20150509,,
2309,20150510,,
2309,20150511,,
2309,20150512,,
2309,20150513,,
2309,20150514,,
2309,20150515,,
2309,20150516,,
2309,20150517,,
2309,20150518,,
2309,20150519,,
2309,20150520,,
2309,20150521,,
2309,20150522,,
2309,20150523,,
2309,20150524,,
2309,20150525,,
2309,20150526,,
2309,20150527,,
2309,20150528,,
2309,20150529,,
2309,20150530,,
2310,20150501,,
2310,20150502,,
2310,20150503,,
2310,20150504,,
2310,20150505,,
2310,20150506,,
2310,20150507,,
2310,20150508,,
2310,20150509,,
2310,20150510,,
2310,20150511,,
2310,20150512,,
2310,20150513,,
2310,20150514,,
2310,20150515,,
2310,20150516,,
2310,20150517,,
2310,20150518,,
2310,20150519,,
2310,20150520,,
2310,20150521,,
2310,20150522,,
2310,20150523,,
2310,20150524,,
2310,20150525,,
2310,20150526,,
2310,20150527,,
2310,20150528,,
2310,20150529,,
2310,20150530,,
2311,20150501,,
2311,20150502,,
2311,20150503,,
2311,20150504,,
2311,20150505,,
2311,20150506,,
2311,20150507,,
2311,20150508,,
2311,20150509,,
2311,20150510,,
2311,20150511,,
2311,20150512,,
2311,20150513,,
2311,20150514,,
2311,20150515,,
2311,20150516,,
2311,20150517,,
2311,20150518,,
2311,20150519,,
2311,20150520,,
2311,20150521,,
2311,20150522,,
2311,20150523,,
2311,20150524,,
2311,20150525,,
2311,20150526,,
2311,20150527,,
2311,20150528,,
2311,20150529,,
2311,20150530,,
2312,20150501,,
2312,20150502,,
2312,20150503,,
2312,20150504,,
2312,20150505,,
2312,20150506,,
2312,20150507,,
2312,20150508,,
2312,20150509,,
2312,20150510,,
2312,20150511,,
2312,20150512,,
2312,20150513,,
2312,20150514,,
2312,20150515,,
2312,20150516,,
2312,20150517,,
2312,20150518,,
2312,20150519,,
2312,20150520,,
2312,20150521,,
2312,20150522,,
2312,20150523,,
2312,20150524,,
2312,20150525,,
2312,20150526,,
2312,20150527,,
2312,20150528,,
2312,20150529,,
2312,20150530,,
2313,20150501,,
2313,20150502,,
2313,20150503,,
2313,20150504,,
2313,20150505,,
2313,20150506,,
2313,20150507,,
2313,20150508,,
2313,20150509,,
2313,20150510,,
2313,20150511,,
2313,20150512,,
2313,20150513,,
2313,20150514,,
2313,20150515,,
2313,20150516,,
2313,20150517,,
2313,20150518,,
2313,20150519,,
2313,20150520,,
2313,20150521,,
2313,20150522,,
2313,20150523,,
2313,20150524,,
2313,20150525,,
2313,20150526,,
2313,20150527,,
2313,20150528,,
2313,20150529,,
2313,20150530,,
2314,20150501,,
2314,20150502,,
2314,20150503,,
2314,20150504,,
2314,20150505,,
2314,20150506,,
2314,20150507,,
2314,20150508,,
2314,20150509,,
2314,20150510,,
2314,20150511,,
2314,20150512,,
2314,20150513,,
2314,20150514,,
2314,20150515,,
2314,20150516,,
2314,20150517,,
2314,20150518,,
2314,20150519,,
2314,20150520,,
2314,20150521,,
2314,20150522,,
2314,20150523,,
2314,20150524,,
2314,20150525,,
2314,20150526,,
2314,20150527,,
2314,20150528,,
2314,20150529,,
2314,20150530,,
2316,20150501,,
2316,20150502,,
2316,20150503,,
2316,20150504,,
2316,20150505,,
2316,20150506,,
2316,20150507,,
2316,20150508,,
2316,20150509,,
2316,20150510,,
2316,20150511,,
2316,20150512,,
2316,20150513,,
2316,20150514,,
2316,20150515,,
2316,20150516,,
2316,20150517,,
2316,20150518,,
2316,20150519,,
2316,20150520,,
2316,20150521,,
2316,20150522,,
2316,20150523,,
2316,20150524,,
2316,20150525,,
2316,20150526,,
2316,20150527,,
2316,20150528,,
2316,20150529,,
2316,20150530,,
2317,20150501,,
2317,20150502,,
2317,20150503,,
2317,20150504,,
2317,20150505,,
2317,20150506,,
2317,20150507,,
2317,20150508,,
2317,20150509,,
2317,20150510,,
2317,20150511,,
2317,20150512,,
2317,20150513,,
2317,20150514,,
2317,20150515,,
2317,20150516,,
2317,20150517,,
2317,20150518,,
2317,20150519,,
2317,20150520,,
2317,20150521,,
2317,20150522,,
2317,20150523,,
2317,20150524,,
2317,20150525,,
2317,20150526,,
2317,20150527,,
2317,20150528,,
2317,20150529,,
2317,20150530,,
3001,20150501,,
3001,20150502,,
3001,20150503,,
3001,20150504,,
3001,20150505,,
3001,20150506,,
3001,20150507,,
3001,20150508,,
3001,20150509,,
3001,20150510,,
3001,20150511,,
3001,20150512,,
3001,20150513,,
3001,20150514,,
3001,20150515,,
3001,20150516,,
3001,20150517,,
3001,20150518,,
3001,20150519,,
3001,20150520,,
3001,20150521,,
3001,20150522,,
3001,20150523,,
3001,20150524,,
3001,20150525,,
3001,20150526,,
3001,20150527,,
3001,20150528,,
3001,20150529,,
3001,20150530,,
3002,20150501,,
3002,20150502,,
3002,20150503,,
3002,20150504,,
3002,20150505,,
3002,20150506,,
3002,20150507,,
3002,20150508,,
3002,20150509,,
3002,20150510,,
3002,20150511,,
3002,20150512,,
3002,20150513,,
3002,20150514,,
3002,20150515,,
3002,20150516,,
3002,20150517,,
3002,20150518,,
3002,20150519,,
3002,20150520,,
3002,20150521,,
3002,20150522,,
3002,20150523,,
3002,20150524,,
3002,20150525,,
3002,20150526,,
3002,20150527,,
3002,20150528,,
3002,20150529,,
3002,20150530,,
3003,20150501,,
3003,20150502,,
3003,20150503,,
3003,20150504,,
3003,20150505,,
3003,20150506,,
3003,20150507,,
3003,20150508,,
3003,20150509,,
3003,20150510,,
3003,20150511,,
3003,20150512,,
3003,20150513,,
3003,20150514,,
3003,20150515,,
3003,20150516,,
3003,20150517,,
3003,20150518,,
3003,20150519,,
3003,20150520,,
3003,20150521,,
3003,20150522,,
3003,20150523,,
3003,20150524,,
3003,20150525,,
3003,20150526,,
3003,20150527,,
3003,20150528,,
3003,20150529,,
3003,20150530,,
3004,20150501,,
3004,20150502,,
3004,20150503,,
3004,20150504,,
3004,20150505,,
3004,20150506,,
3004,20150507,,
3004,20150508,,
3004,20150509,,
3004,20150510,,
3004,20150511,,
3004,20150512,,
3004,20150513,,
3004,20150514,,
3004,20150515,,
3004,20150516,,
3004,20150517,,
3004,20150518,,
3004,20150519,,
3004,20150520,,
3004,20150521,,
3004,20150522,,
3004,20150523,,
3004,20150524,,
3004,20150525,,
3004,20150526,,
3004,20150527,,
3004,20150528,,
3004,20150529,,
3004,20150530,,
3005,20150501,,
3005,20150502,,
3005,20150503,,
3005,20150504,,
3005,20150505,,
3005,20150506,,
3005,20150507,,
3005,20150508,,
3005,20150509,,
3005,20150510,,
3005,20150511,,
3005,20150512,,
3005,20150513,,
3005,20150514,,
3005,20150515,,
3005,20150516,,
3005,20150517,,
3005,20150518,,
3005,20150519,,
3005,20150520,,
3005,20150521,,
3005,20150522,,
3005,20150523,,
3005,20150524,,
3005,20150525,,
3005,20150526,,
3005,20150527,,
3005,20150528,,
3005,20150529,,
3005,20150530,,
3006,20150501,,
3006,20150502,,
3006,20150503,,
3006,20150504,,
3006,20150505,,
3006,20150506,,
3006,20150507,,
3006,20150508,,
3006,20150509,,
3006,20150510,,
3006,20150511,,
3006,20150512,,
3006,20150513,,
3006,20150514,,
3006,20150515,,
3006,20150516,,
3006,20150517,,
3006,20150518,,
3006,20150519,,
3006,20150520,,
3006,20150521,,
3006,20150522,,
3006,20150523,,
3006,20150524,,
3006,20150525,,
3006,20150526,,
3006,20150527,,
3006,20150528,,
3006,20150529,,
3006,20150530,,
3007,20150501,,
3007,20150502,,
3007,20150503,,
3007,20150504,,
3007,20150505,,
3007,20150506,,
3007,20150507,,
3007,20150508,,
3007,20150509,,
3007,20150510,,
3007,20150511,,
3007,20150512,,
3007,20150513,,
3007,20150514,,
3007,20150515,,
3007,20150516,,
3007,20150517,,
3007,20150518,,
3007,20150519,,
3007,20150520,,
3007,20150521,,
3007,20150522,,
3007,20150523,,
3007,20150524,,
3007,20150525,,
3007,20150526,,
3007,20150527,,
3007,20150528,,
3007,20150529,,
3007,20150530,,
3008,20150501,,
3008,20150502,,
3008,20150503,,
3008,20150504,,
3008,20150505,,
3008,20150506,,
3008,20150507,,
3008,20150508,,
3008,20150509,,
3008,20150510,,
3008,20150511,,
3008,20150512,,
3008,20150513,,
3008,20150514,,
3008,20150515,,
3008,20150516,,
3008,20150517,,
3008,20150518,,
3008,20150519,,
3008,20150520,,
3008,20150521,,
3008,20150522,,
3008,20150523,,
3008,20150524,,
3008,20150525,,
3008,20150526,,
3008,20150527,,
3008,20150528,,
3008,20150529,,
3008,20150530,,
3010,20150501,,
3010,20150502,,
3010,20150503,,
3010,20150504,,
3010,20150505,,
3010,20150506,,
3010,20150507,,
3010,20150508,,
3010,20150509,,
3010,20150510,,
3010,20150511,,
3010,20150512,,
3010,20150513,,
3010,20150514,,
3010,20150515,,
3010,20150516,,
3010,20150517,,
3010,20150518,,
3010,20150519,,
3010,20150520,,
3010,20150521,,
3010,20150522,,
3010,20150523,,
3010,20150524,,
3010,20150525,,
3010,20150526,,
3010,20150527,,
3010,20150528,,
3010,20150529,,
3010,20150530,,
3011,20150501,,
3011,20150502,,
3011,20150503,,
3011,20150504,,
3011,20150505,,
3011,20150506,,
3011,20150507,,
3011,20150508,,
3011,20150509,,
3011,20150510,,
3011,20150511,,
3011,20150512,,
3011,20150513,,
3011,20150514,,
3011,20150515,,
3011,20150516,,
3011,20150517,,
3011,20150518,,
3011,20150519,,
3011,20150520,,
3011,20150521,,
3011,20150522,,
3011,20150523,,
3011,20150524,,
3011,20150525,,
3011,20150526,,
3011,20150527,,
3011,20150528,,
3011,20150529,,
3011,20150530,,
3013,20150501,,
3013,20150502,,
3013,20150503,,
3013,20150504,,
3013,20150505,,
3013,20150506,,
3013,20150507,,
3013,20150508,,
3013,20150509,,
3013,20150510,,
3013,20150511,,
3013,20150512,,
3013,20150513,,
3013,20150514,,
3013,20150515,,
3013,20150516,,
3013,20150517,,
3013,20150518,,
3013,20150519,,
3013,20150520,,
3013,20150521,,
3013,20150522,,
3013,20150523,,
3013,20150524,,
3013,20150525,,
3013,20150526,,
3013,20150527,,
3013,20150528,,
3013,20150529,,
3013,20150530,,
3014,20150501,,
3014,20150502,,
3014,20150503,,
3014,20150504,,
3014,20150505,,
3014,20150506,,
3014,20150507,,
3014,20150508,,
3014,20150509,,
3014,20150510,,
3014,20150511,,
3014,20150512,,
3014,20150513,,
3014,20150514,,
3014,20150515,,
3014,20150516,,
3014,20150517,,
3014,20150518,,
3014,20150519,,
3014,20150520,,
3014,20150521,,
3014,20150522,,
3014,20150523,,
3014,20150524,,
3014,20150525,,
3014,20150526,,
3014,20150527,,
3014,20150528,,
3014,20150529,,
3014,20150530,,
3016,20150501,,
3016,20150502,,
3016,20150503,,
3016,20150504,,
3016,20150505,,
3016,20150506,,
3016,20150507,,
3016,20150508,,
3016,20150509,,
3016,20150510,,
3016,20150511,,
3016,20150512,,
3016,20150513,,
3016,20150514,,
3016,20150515,,
3016,20150516,,
3016,20150517,,
3016,20150518,,
3016,20150519,,
3016,20150520,,
3016,20150521,,
3016,20150522,,
3016,20150523,,
3016,20150524,,
3016,20150525,,
3016,20150526,,
3016,20150527,,
3016,20150528,,
3016,20150529,,
3016,20150530,,
3017,20150501,,
3017,20150502,,
3017,20150503,,
3017,20150504,,
3017,20150505,,
3017,20150506,,
3017,20150507,,
3017,20150508,,
3017,20150509,,
3017,20150510,,
3017,20150511,,
3017,20150512,,
3017,20150513,,
3017,20150514,,
3017,20150515,,
3017,20150516,,
3017,20150517,,
3017,20150518,,
3017,20150519,,
3017,20150520,,
3017,20150521,,
3017,20150522,,
3017,20150523,,
3017,20150524,,
3017,20150525,,
3017,20150526,,
3017,20150527,,
3017,20150528,,
3017,20150529,,
3017,20150530,,
3018,20150501,,
3018,20150502,,
3018,20150503,,
3018,20150504,,
3018,20150505,,
3018,20150506,,
3018,20150507,,
3018,20150508,,
3018,20150509,,
3018,20150510,,
3018,20150511,,
3018,20150512,,
3018,20150513,,
3018,20150514,,
3018,20150515,,
3018,20150516,,
3018,20150517,,
3018,20150518,,
3018,20150519,,
3018,20150520,,
3018,20150521,,
3018,20150522,,
3018,20150523,,
3018,20150524,,
3018,20150525,,
3018,20150526,,
3018,20150527,,
3018,20150528,,
3018,20150529,,
3018,20150530,,
3102,20150501,,
3102,20150502,,
3102,20150503,,
3102,20150504,,
3102,20150505,,
3102,20150506,,
3102,20150507,,
3102,20150508,,
3102,20150509,,
3102,20150510,,
3102,20150511,,
3102,20150512,,
3102,20150513,,
3102,20150514,,
3102,20150515,,
3102,20150516,,
3102,20150517,,
3102,20150518,,
3102,20150519,,
3102,20150520,,
3102,20150521,,
3102,20150522,,
3102,20150523,,
3102,20150524,,
3102,20150525,,
3102,20150526,,
3102,20150527,,
3102,20150528,,
3102,20150529,,
3102,20150530,,
3105,20150501,,
3105,20150502,,
3105,20150503,,
3105,20150504,,
3105,20150505,,
3105,20150506,,
3105,20150507,,
3105,20150508,,
3105,20150509,,
3105,20150510,,
3105,20150511,,
3105,20150512,,
3105,20150513,,
3105,20150514,,
3105,20150515,,
3105,20150516,,
3105,20150517,,
3105,20150518,,
3105,20150519,,
3105,20150520,,
3105,20150521,,
3105,20150522,,
3105,20150523,,
3105,20150524,,
3105,20150525,,
3105,20150526,,
3105,20150527,,
3105,20150528,,
3105,20150529,,
3105,20150530,,
3107,20150501,,
3107,20150502,,
3107,20150503,,
3107,20150504,,
3107,20150505,,
3107,20150506,,
3107,20150507,,
3107,20150508,,
3107,20150509,,
3107,20150510,,
3107,20150511,,
3107,20150512,,
3107,20150513,,
3107,20150514,,
3107,20150515,,
3107,20150516,,
3107,20150517,,
3107,20150518,,
3107,20150519,,
3107,20150520,,
3107,20150521,,
3107,20150522,,
3107,20150523,,
3107,20150524,,
3107,20150525,,
3107,20150526,,
3107,20150527,,
3107,20150528,,
3107,20150529,,
3107,20150530,,
3109,20150501,,
3109,20150502,,
3109,20150503,,
3109,20150504,,
3109,20150505,,
3109,20150506,,
3109,20150507,,
3109,20150508,,
3109,20150509,,
3109,20150510,,
3109,20150511,,
3109,20150512,,
3109,20150513,,
3109,20150514,,
3109,20150515,,
3109,20150516,,
3109,20150517,,
3109,20150518,,
3109,20150519,,
3109,20150520,,
3109,20150521,,
3109,20150522,,
3109,20150523,,
3109,20150524,,
3109,20150525,,
3109,20150526,,
3109,20150527,,
3109,20150528,,
3109,20150529,,
3109,20150530,,
3110,20150501,,
3110,20150502,,
3110,20150503,,
3110,20150504,,
3110,20150505,,
3110,20150506,,
3110,20150507,,
3110,20150508,,
3110,20150509,,
3110,20150510,,
3110,20150511,,
3110,20150512,,
3110,20150513,,
3110,20150514,,
3110,20150515,,
3110,20150516,,
3110,20150517,,
3110,20150518,,
3110,20150519,,
3110,20150520,,
3110,20150521,,
3110,20150522,,
3110,20150523,,
3110,20150524,,
3110,20150525,,
3110,20150526,,
3110,20150527,,
3110,20150528,,
3110,20150529,,
3110,20150530,,
3112,20150501,,
3112,20150502,,
3112,20150503,,
3112,20150504,,
3112,20150505,,
3112,20150506,,
3112,20150507,,
3112,20150508,,
3112,20150509,,
3112,20150510,,
3112,20150511,,
3112,20150512,,
3112,20150513,,
3112,20150514,,
3112,20150515,,
3112,20150516,,
3112,20150517,,
3112,20150518,,
3112,20150519,,
3112,20150520,,
3112,20150521,,
3112,20150522,,
3112,20150523,,
3112,20150524,,
3112,20150525,,
3112,20150526,,
3112,20150527,,
3112,20150528,,
3112,20150529,,
3112,20150530,,
3113,20150501,,
3113,20150502,,
3113,20150503,,
3113,20150504,,
3113,20150505,,
3113,20150506,,
3113,20150507,,
3113,20150508,,
3113,20150509,,
3113,20150510,,
3113,20150511,,
3113,20150512,,
3113,20150513,,
3113,20150514,,
3113,20150515,,
3113,20150516,,
3113,20150517,,
3113,20150518,,
3113,20150519,,
3113,20150520,,
3113,20150521,,
3113,20150522,,
3113,20150523,,
3113,20150524,,
3113,20150525,,
3113,20150526,,
3113,20150527,,
3113,20150528,,
3113,20150529,,
3113,20150530,,
3114,20150501,,
3114,20150502,,
3114,20150503,,
3114,20150504,,
3114,20150505,,
3114,20150506,,
3114,20150507,,
3114,20150508,,
3114,20150509,,
3114,20150510,,
3114,20150511,,
3114,20150512,,
3114,20150513,,
3114,20150514,,
3114,20150515,,
3114,20150516,,
3114,20150517,,
3114,20150518,,
3114,20150519,,
3114,20150520,,
3114,20150521,,
3114,20150522,,
3114,20150523,,
3114,20150524,,
3114,20150525,,
3114,20150526,,
3114,20150527,,
3114,20150528,,
3114,20150529,,
3114,20150530,,
3116,20150501,,
3116,20150502,,
3116,20150503,,
3116,20150504,,
3116,20150505,,
3116,20150506,,
3116,20150507,,
3116,20150508,,
3116,20150509,,
3116,20150510,,
3116,20150511,,
3116,20150512,,
3116,20150513,,
3116,20150514,,
3116,20150515,,
3116,20150516,,
3116,20150517,,
3116,20150518,,
3116,20150519,,
3116,20150520,,
3116,20150521,,
3116,20150522,,
3116,20150523,,
3116,20150524,,
3116,20150525,,
3116,20150526,,
3116,20150527,,
3116,20150528,,
3116,20150529,,
3116,20150530,,
3117,20150501,,
3117,20150502,,
3117,20150503,,
3117,20150504,,
3117,20150505,,
3117,20150506,,
3117,20150507,,
3117,20150508,,
3117,20150509,,
3117,20150510,,
3117,20150511,,
3117,20150512,,
3117,20150513,,
3117,20150514,,
3117,20150515,,
3117,20150516,,
3117,20150517,,
3117,20150518,,
3117,20150519,,
3117,20150520,,
3117,20150521,,
3117,20150522,,
3117,20150523,,
3117,20150524,,
3117,20150525,,
3117,20150526,,
3117,20150527,,
3117,20150528,,
3117,20150529,,
3117,20150530,,
3118,20150501,,
3118,20150502,,
3118,20150503,,
3118,20150504,,
3118,20150505,,
3118,20150506,,
3118,20150507,,
3118,20150508,,
3118,20150509,,
3118,20150510,,
3118,20150511,,
3118,20150512,,
3118,20150513,,
3118,20150514,,
3118,20150515,,
3118,20150516,,
3118,20150517,,
3118,20150518,,
3118,20150519,,
3118,20150520,,
3118,20150521,,
3118,20150522,,
3118,20150523,,
3118,20150524,,
3118,20150525,,
3118,20150526,,
3118,20150527,,
3118,20150528,,
3118,20150529,,
3118,20150530,,
3119,20150501,,
3119,20150502,,
3119,20150503,,
3119,20150504,,
3119,20150505,,
3119,20150506,,
3119,20150507,,
3119,20150508,,
3119,20150509,,
3119,20150510,,
3119,20150511,,
3119,20150512,,
3119,20150513,,
3119,20150514,,
3119,20150515,,
3119,20150516,,
3119,20150517,,
3119,20150518,,
3119,20150519,,
3119,20150520,,
3119,20150521,,
3119,20150522,,
3119,20150523,,
3119,20150524,,
3119,20150525,,
3119,20150526,,
3119,20150527,,
3119,20150528,,
3119,20150529,,
3119,20150530,,
3125,20150501,,
3125,20150502,,
3125,20150503,,
3125,20150504,,
3125,20150505,,
3125,20150506,,
3125,20150507,,
3125,20150508,,
3125,20150509,,
3125,20150510,,
3125,20150511,,
3125,20150512,,
3125,20150513,,
3125,20150514,,
3125,20150515,,
3125,20150516,,
3125,20150517,,
3125,20150518,,
3125,20150519,,
3125,20150520,,
3125,20150521,,
3125,20150522,,
3125,20150523,,
3125,20150524,,
3125,20150525,,
3125,20150526,,
3125,20150527,,
3125,20150528,,
3125,20150529,,
3125,20150530,,
3126,20150501,,
3126,20150502,,
3126,20150503,,
3126,20150504,,
3126,20150505,,
3126,20150506,,
3126,20150507,,
3126,20150508,,
3126,20150509,,
3126,20150510,,
3126,20150511,,
3126,20150512,,
3126,20150513,,
3126,20150514,,
3126,20150515,,
3126,20150516,,
3126,20150517,,
3126,20150518,,
3126,20150519,,
3126,20150520,,
3126,20150521,,
3126,20150522,,
3126,20150523,,
3126,20150524,,
3126,20150525,,
3126,20150526,,
3126,20150527,,
3126,20150528,,
3126,20150529,,
3126,20150530,,
3208,20150501,,
3208,20150502,,
3208,20150503,,
3208,20150504,,
3208,20150505,,
3208,20150506,,
3208,20150507,,
3208,20150508,,
3208,20150509,,
3208,20150510,,
3208,20150511,,
3208,20150512,,
3208,20150513,,
3208,20150514,,
3208,20150515,,
3208,20150516,,
3208,20150517,,
3208,20150518,,
3208,20150519,,
3208,20150520,,
3208,20150521,,
3208,20150522,,
3208,20150523,,
3208,20150524,,
3208,20150525,,
3208,20150526,,
3208,20150527,,
3208,20150528,,
3208,20150529,,
3208,20150530,,
3217,20150501,,
3217,20150502,,
3217,20150503,,
3217,20150504,,
3217,20150505,,
3217,20150506,,
3217,20150507,,
3217,20150508,,
3217,20150509,,
3217,20150510,,
3217,20150511,,
3217,20150512,,
3217,20150513,,
3217,20150514,,
3217,20150515,,
3217,20150516,,
3217,20150517,,
3217,20150518,,
3217,20150519,,
3217,20150520,,
3217,20150521,,
3217,20150522,,
3217,20150523,,
3217,20150524,,
3217,20150525,,
3217,20150526,,
3217,20150527,,
3217,20150528,,
3217,20150529,,
3217,20150530,,
3227,20150501,,
3227,20150502,,
3227,20150503,,
3227,20150504,,
3227,20150505,,
3227,20150506,,
3227,20150507,,
3227,20150508,,
3227,20150509,,
3227,20150510,,
3227,20150511,,
3227,20150512,,
3227,20150513,,
3227,20150514,,
3227,20150515,,
3227,20150516,,
3227,20150517,,
3227,20150518,,
3227,20150519,,
3227,20150520,,
3227,20150521,,
3227,20150522,,
3227,20150523,,
3227,20150524,,
3227,20150525,,
3227,20150526,,
3227,20150527,,
3227,20150528,,
3227,20150529,,
3227,20150530,,
3311,20150501,,
3311,20150502,,
3311,20150503,,
3311,20150504,,
3311,20150505,,
3311,20150506,,
3311,20150507,,
3311,20150508,,
3311,20150509,,
3311,20150510,,
3311,20150511,,
3311,20150512,,
3311,20150513,,
3311,20150514,,
3311,20150515,,
3311,20150516,,
3311,20150517,,
3311,20150518,,
3311,20150519,,
3311,20150520,,
3311,20150521,,
3311,20150522,,
3311,20150523,,
3311,20150524,,
3311,20150525,,
3311,20150526,,
3311,20150527,,
3311,20150528,,
3311,20150529,,
3311,20150530,,
3316,20150501,,
3316,20150502,,
3316,20150503,,
3316,20150504,,
3316,20150505,,
3316,20150506,,
3316,20150507,,
3316,20150508,,
3316,20150509,,
3316,20150510,,
3316,20150511,,
3316,20150512,,
3316,20150513,,
3316,20150514,,
3316,20150515,,
3316,20150516,,
3316,20150517,,
3316,20150518,,
3316,20150519,,
3316,20150520,,
3316,20150521,,
3316,20150522,,
3316,20150523,,
3316,20150524,,
3316,20150525,,
3316,20150526,,
3316,20150527,,
3316,20150528,,
3316,20150529,,
3316,20150530,,
3319,20150501,,
3319,20150502,,
3319,20150503,,
3319,20150504,,
3319,20150505,,
3319,20150506,,
3319,20150507,,
3319,20150508,,
3319,20150509,,
3319,20150510,,
3319,20150511,,
3319,20150512,,
3319,20150513,,
3319,20150514,,
3319,20150515,,
3319,20150516,,
3319,20150517,,
3319,20150518,,
3319,20150519,,
3319,20150520,,
3319,20150521,,
3319,20150522,,
3319,20150523,,
3319,20150524,,
3319,20150525,,
3319,20150526,,
3319,20150527,,
3319,20150528,,
3319,20150529,,
3319,20150530,,
3320,20150501,,
3320,20150502,,
3320,20150503,,
3320,20150504,,
3320,20150505,,
3320,20150506,,
3320,20150507,,
3320,20150508,,
3320,20150509,,
3320,20150510,,
3320,20150511,,
3320,20150512,,
3320,20150513,,
3320,20150514,,
3320,20150515,,
3320,20150516,,
3320,20150517,,
3320,20150518,,
3320,20150519,,
3320,20150520,,
3320,20150521,,
3320,20150522,,
3320,20150523,,
3320,20150524,,
3320,20150525,,
3320,20150526,,
3320,20150527,,
3320,20150528,,
3320,20150529,,
3320,20150530,,
3321,20150501,,
3321,20150502,,
3321,20150503,,
3321,20150504,,
3321,20150505,,
3321,20150506,,
3321,20150507,,
3321,20150508,,
3321,20150509,,
3321,20150510,,
3321,20150511,,
3321,20150512,,
3321,20150513,,
3321,20150514,,
3321,20150515,,
3321,20150516,,
3321,20150517,,
3321,20150518,,
3321,20150519,,
3321,20150520,,
3321,20150521,,
3321,20150522,,
3321,20150523,,
3321,20150524,,
3321,20150525,,
3321,20150526,,
3321,20150527,,
3321,20150528,,
3321,20150529,,
3321,20150530,,
3322,20150501,,
3322,20150502,,
3322,20150503,,
3322,20150504,,
3322,20150505,,
3322,20150506,,
3322,20150507,,
3322,20150508,,
3322,20150509,,
3322,20150510,,
3322,20150511,,
3322,20150512,,
3322,20150513,,
3322,20150514,,
3322,20150515,,
3322,20150516,,
3322,20150517,,
3322,20150518,,
3322,20150519,,
3322,20150520,,
3322,20150521,,
3322,20150522,,
3322,20150523,,
3322,20150524,,
3322,20150525,,
3322,20150526,,
3322,20150527,,
3322,20150528,,
3322,20150529,,
3322,20150530,,
3323,20150501,,
3323,20150502,,
3323,20150503,,
3323,20150504,,
3323,20150505,,
3323,20150506,,
3323,20150507,,
3323,20150508,,
3323,20150509,,
3323,20150510,,
3323,20150511,,
3323,20150512,,
3323,20150513,,
3323,20150514,,
3323,20150515,,
3323,20150516,,
3323,20150517,,
3323,20150518,,
3323,20150519,,
3323,20150520,,
3323,20150521,,
3323,20150522,,
3323,20150523,,
3323,20150524,,
3323,20150525,,
3323,20150526,,
3323,20150527,,
3323,20150528,,
3323,20150529,,
3323,20150530,,
3325,20150501,,
3325,20150502,,
3325,20150503,,
3325,20150504,,
3325,20150505,,
3325,20150506,,
3325,20150507,,
3325,20150508,,
3325,20150509,,
3325,20150510,,
3325,20150511,,
3325,20150512,,
3325,20150513,,
3325,20150514,,
3325,20150515,,
3325,20150516,,
3325,20150517,,
3325,20150518,,
3325,20150519,,
3325,20150520,,
3325,20150521,,
3325,20150522,,
3325,20150523,,
3325,20150524,,
3325,20150525,,
3325,20150526,,
3325,20150527,,
3325,20150528,,
3325,20150529,,
3325,20150530,,
3326,20150501,,
3326,20150502,,
3326,20150503,,
3326,20150504,,
3326,20150505,,
3326,20150506,,
3326,20150507,,
3326,20150508,,
3326,20150509,,
3326,20150510,,
3326,20150511,,
3326,20150512,,
3326,20150513,,
3326,20150514,,
3326,20150515,,
3326,20150516,,
3326,20150517,,
3326,20150518,,
3326,20150519,,
3326,20150520,,
3326,20150521,,
3326,20150522,,
3326,20150523,,
3326,20150524,,
3326,20150525,,
3326,20150526,,
3326,20150527,,
3326,20150528,,
3326,20150529,,
3326,20150530,,
3402,20150501,,
3402,20150502,,
3402,20150503,,
3402,20150504,,
3402,20150505,,
3402,20150506,,
3402,20150507,,
3402,20150508,,
3402,20150509,,
3402,20150510,,
3402,20150511,,
3402,20150512,,
3402,20150513,,
3402,20150514,,
3402,20150515,,
3402,20150516,,
3402,20150517,,
3402,20150518,,
3402,20150519,,
3402,20150520,,
3402,20150521,,
3402,20150522,,
3402,20150523,,
3402,20150524,,
3402,20150525,,
3402,20150526,,
3402,20150527,,
3402,20150528,,
3402,20150529,,
3402,20150530,,
3403,20150501,,
3403,20150502,,
3403,20150503,,
3403,20150504,,
3403,20150505,,
3403,20150506,,
3403,20150507,,
3403,20150508,,
3403,20150509,,
3403,20150510,,
3403,20150511,,
3403,20150512,,
3403,20150513,,
3403,20150514,,
3403,20150515,,
3403,20150516,,
3403,20150517,,
3403,20150518,,
3403,20150519,,
3403,20150520,,
3403,20150521,,
3403,20150522,,
3403,20150523,,
3403,20150524,,
3403,20150525,,
3403,20150526,,
3403,20150527,,
3403,20150528,,
3403,20150529,,
3403,20150530,,
3407,20150501,,
3407,20150502,,
3407,20150503,,
3407,20150504,,
3407,20150505,,
3407,20150506,,
3407,20150507,,
3407,20150508,,
3407,20150509,,
3407,20150510,,
3407,20150511,,
3407,20150512,,
3407,20150513,,
3407,20150514,,
3407,20150515,,
3407,20150516,,
3407,20150517,,
3407,20150518,,
3407,20150519,,
3407,20150520,,
3407,20150521,,
3407,20150522,,
3407,20150523,,
3407,20150524,,
3407,20150525,,
3407,20150526,,
3407,20150527,,
3407,20150528,,
3407,20150529,,
3407,20150530,,
3408,20150501,,
3408,20150502,,
3408,20150503,,
3408,20150504,,
3408,20150505,,
3408,20150506,,
3408,20150507,,
3408,20150508,,
3408,20150509,,
3408,20150510,,
3408,20150511,,
3408,20150512,,
3408,20150513,,
3408,20150514,,
3408,20150515,,
3408,20150516,,
3408,20150517,,
3408,20150518,,
3408,20150519,,
3408,20150520,,
3408,20150521,,
3408,20150522,,
3408,20150523,,
3408,20150524,,
3408,20150525,,
3408,20150526,,
3408,20150527,,
3408,20150528,,
3408,20150529,,
3408,20150530,,
3413,20150501,,
3413,20150502,,
3413,20150503,,
3413,20150504,,
3413,20150505,,
3413,20150506,,
3413,20150507,,
3413,20150508,,
3413,20150509,,
3413,20150510,,
3413,20150511,,
3413,20150512,,
3413,20150513,,
3413,20150514,,
3413,20150515,,
3413,20150516,,
3413,20150517,,
3413,20150518,,
3413,20150519,,
3413,20150520,,
3413,20150521,,
3413,20150522,,
3413,20150523,,
3413,20150524,,
3413,20150525,,
3413,20150526,,
3413,20150527,,
3413,20150528,,
3413,20150529,,
3413,20150530,,
3415,20150501,,
3415,20150502,,
3415,20150503,,
3415,20150504,,
3415,20150505,,
3415,20150506,,
3415,20150507,,
3415,20150508,,
3415,20150509,,
3415,20150510,,
3415,20150511,,
3415,20150512,,
3415,20150513,,
3415,20150514,,
3415,20150515,,
3415,20150516,,
3415,20150517,,
3415,20150518,,
3415,20150519,,
3415,20150520,,
3415,20150521,,
3415,20150522,,
3415,20150523,,
3415,20150524,,
3415,20150525,,
3415,20150526,,
3415,20150527,,
3415,20150528,,
3415,20150529,,
3415,20150530,,
3417,20150501,,
3417,20150502,,
3417,20150503,,
3417,20150504,,
3417,20150505,,
3417,20150506,,
3417,20150507,,
3417,20150508,,
3417,20150509,,
3417,20150510,,
3417,20150511,,
3417,20150512,,
3417,20150513,,
3417,20150514,,
3417,20150515,,
3417,20150516,,
3417,20150517,,
3417,20150518,,
3417,20150519,,
3417,20150520,,
3417,20150521,,
3417,20150522,,
3417,20150523,,
3417,20150524,,
3417,20150525,,
3417,20150526,,
3417,20150527,,
3417,20150528,,
3417,20150529,,
3417,20150530,,
3423,20150501,,
3423,20150502,,
3423,20150503,,
3423,20150504,,
3423,20150505,,
3423,20150506,,
3423,20150507,,
3423,20150508,,
3423,20150509,,
3423,20150510,,
3423,20150511,,
3423,20150512,,
3423,20150513,,
3423,20150514,,
3423,20150515,,
3423,20150516,,
3423,20150517,,
3423,20150518,,
3423,20150519,,
3423,20150520,,
3423,20150521,,
3423,20150522,,
3423,20150523,,
3423,20150524,,
3423,20150525,,
3423,20150526,,
3423,20150527,,
3423,20150528,,
3423,20150529,,
3423,20150530,,
3424,20150501,,
3424,20150502,,
3424,20150503,,
3424,20150504,,
3424,20150505,,
3424,20150506,,
3424,20150507,,
3424,20150508,,
3424,20150509,,
3424,20150510,,
3424,20150511,,
3424,20150512,,
3424,20150513,,
3424,20150514,,
3424,20150515,,
3424,20150516,,
3424,20150517,,
3424,20150518,,
3424,20150519,,
3424,20150520,,
3424,20150521,,
3424,20150522,,
3424,20150523,,
3424,20150524,,
3424,20150525,,
3424,20150526,,
3424,20150527,,
3424,20150528,,
3424,20150529,,
3424,20150530,,
3426,20150501,,
3426,20150502,,
3426,20150503,,
3426,20150504,,
3426,20150505,,
3426,20150506,,
3426,20150507,,
3426,20150508,,
3426,20150509,,
3426,20150510,,
3426,20150511,,
3426,20150512,,
3426,20150513,,
3426,20150514,,
3426,20150515,,
3426,20150516,,
3426,20150517,,
3426,20150518,,
3426,20150519,,
3426,20150520,,
3426,20150521,,
3426,20150522,,
3426,20150523,,
3426,20150524,,
3426,20150525,,
3426,20150526,,
3426,20150527,,
3426,20150528,,
3426,20150529,,
3426,20150530,,
3431,20150501,,
3431,20150502,,
3431,20150503,,
3431,20150504,,
3431,20150505,,
3431,20150506,,
3431,20150507,,
3431,20150508,,
3431,20150509,,
3431,20150510,,
3431,20150511,,
3431,20150512,,
3431,20150513,,
3431,20150514,,
3431,20150515,,
3431,20150516,,
3431,20150517,,
3431,20150518,,
3431,20150519,,
3431,20150520,,
3431,20150521,,
3431,20150522,,
3431,20150523,,
3431,20150524,,
3431,20150525,,
3431,20150526,,
3431,20150527,,
3431,20150528,,
3431,20150529,,
3431,20150530,,
,,,
,,,
,,,
,,,
,,,
,,,
,,,
,,,
,,,
,,,
,,,
,,,
,,,
,,,
,,,
,,,
,,,
,,,
,,,
,,,
,,,
,,,
,,,
,,,
,,,
,,,
,,,
,,,
,,,
,,,
,,,
,,,
,,,
,,,
,,,
,,,
,,,
,,,
,,,
,,,
,,,
,,,
,,,
,,,
,,,
,,,
,,,
,,,
,,,
,,,
,,,
,,,
,,,
,,,
,,,
,,,
,,,
,,,
,,,
,,,
,,,
,,,
,,,
,,,
,,,
,,,
,,,
,,,
,,,
,,,
,,,
,,,
,,,
,,,
,,,
,,,
,,,
,,,
,,,
,,,
,,,
,,,
,,,
,,,
,,,
,,,
,,,
,,,
,,,
,,,
,,,
,,,
,,,
,,,
,,,
,,,
,,,
,,,
,,,
,,,
,,,
,,,
,,,
,,,
,,,
,,,
,,,
,,,
,,,
,,,
,,,
,,,
,,,
,,,
,,,
,,,
,,,
,,,
,,,
,,,
,,,
,,,
,,,
,,,
,,,
,,,
,,,
,,,
,,,
,,,
,,,
,,,
,,,
,,,
,,,
,,,
,,,
,,,
,,,
,,,
,,,
,,,
,,,
,,,
,,,
,,,
,,,
,,,
,,,
,,,
,,,
,,,
,,,
,,,
,,,
,,,
,,,
,,,
,,,
,,,
,,,
,,,
,,,
,,,
,,,
,,,
,,,
,,,
,,,
,,,
,,,
,,,
,,,
,,,
,,,
,,,
,,,
,,,
,,,
,,,
,,,
,,,
,,,
,,,
,,,
,,,
,,,
,,,
,,,
,,,
,,,
,,,
,,,
,,,
,,,
,,,
,,,
,,,
,,,
,,,
,,,
,,,
,,,
,,,
,,,
,,,
,,,
,,,
,,,
,,,
,,,
,,,
,,,
,,,
,,,
,,,
,,,
,,,
,,,
,,,
,,,
,,,
,,,
,,,
,,,
,,,
,,,
,,,
,,,
,,,
,,,
,,,
,,,
,,,
,,,
,,,
,,,
,,,
,,,
,,,
,,,
,,,
,,,
,,,
,,,
,,,
,,,
,,,
,,,
,,,
,,,
,,,
,,,
,,,
,,,
,,,
,,,
,,,
,,,
,,,
,,,
,,,
,,,
,,,
,,,
,,,
,,,
,,,
,,,
,,,
,,,
,,,
,,,
,,,
,,,
,,,
,,,
,,,
,,,
,,,
,,,
,,,
,,,
,,,
,,,
,,,
,,,
,,,
,,,
,,,
,,,
,,,
,,,
,,,
,,,
,,,
,,,
,,,
,,,
,,,
,,,
,,,
,,,
,,,
,,,
,,,
,,,
,,,
,,,
,,,
,,,
,,,
,,,
,,,
,,,
,,,
,,,
,,,
,,,
,,,
,,,
,,,
,,,
,,,
,,,
,,,
,,,
,,,
,,,
,,,
,,,
,,,
,,,
,,,
,,,
,,,
,,,
,,,
,,,
,,,
,,,
,,,
,,,
,,,
,,,
,,,
,,,
,,,
,,,
,,,
,,,
,,,
,,,
,,,
,,,
,,,
,,,
,,,
,,,
,,,
,,,
,,,
,,,
,,,
,,,
,,,
,,,
,,,
,,,
,,,
,,,
,,,
,,,
,,,
,,,
,,,
,,,
,,,
,,,
,,,
,,,
,,,
,,,
,,,
,,,
,,,
,,,
,,,
,,,
,,,
,,,
,,,
,,,
,,,
,,,
,,,
,,,
,,,
,,,
,,,
,,,
,,,
,,,
,,,
,,,
,,,
,,,
,,,
,,,
,,,
,,,
,,,
,,,
,,,
,,,
,,,
,,,
,,,
,,,
,,,
